{"cameraMode":{"drawMode":0,"name":"Shaded","section":"Shading Mode"},"sceneLighting":true,"audioPlay":false,"sceneViewState":{"m_AlwaysRefresh":false,"showFog":true,"showSkybox":true,"showFlares":true,"showImageEffects":true,"showParticleSystems":true,"showVisualEffectGraphs":true,"m_FxEnabled":true},"in2DMode":false,"pivot":{"x":-4.476364612579346,"y":-35.49592971801758,"z":34.49798583984375},"rotation":{"x":-0.29295235872268679,"y":-0.0008629983640275896,"z":0.0002632511022966355,"w":-0.9561387896537781},"size":70.71067810058594,"orthographic":false}