{"cameraMode":{"drawMode":0,"name":"Shaded","section":"Shading Mode"},"sceneLighting":true,"audioPlay":false,"sceneViewState":{"showFog":false,"showMaterialUpdate":false,"showSkybox":false,"showFlares":false,"showImageEffects":false,"showParticleSystems":false},"in2DMode":false,"pivot":{"x":7.099765777587891,"y":2.368328332901001,"z":-46.50120162963867},"rotation":{"x":0.11623349785804749,"y":-0.11560418456792832,"z":0.01362447626888752,"w":0.9862821102142334},"size":9.46566104888916,"orthographic":false}